batch_size,time_per_token,inference_time
1,0.0139,7.795
2,0.00829,8.496
4,0.0044,9.031
8,0.00244,10.018
16,0.00148,12.162
32,0.00104,17.148
64,0.000814,26.598
128,0.000762,49.164
